<annotation>
	<folder>train</folder>
	<filename>KakaoTalk_20190108_170528367.jpg</filename>
	<path>C:\tensorflow1\models\research\object_detection\images\train\KakaoTalk_20190108_170528367.jpg</path>
	<source>
		<database>Unknown</database>
	</source>
	<size>
		<width>720</width>
		<height>960</height>
		<depth>3</depth>
	</size>
	<segmented>0</segmented>
	<object>
		<name>ace</name>
		<pose>Unspecified</pose>
		<truncated>0</truncated>
		<difficult>0</difficult>
		<bndbox>
			<xmin>40</xmin>
			<ymin>347</ymin>
			<xmax>289</xmax>
			<ymax>636</ymax>
		</bndbox>
	</object>
</annotation>
