<annotation>
	<folder>new_train</folder>
	<filename>KakaoTalk_20190122_150356994.jpg</filename>
	<path>C:\tensorflow1\models\research\object_detection\images\new_train\KakaoTalk_20190122_150356994.jpg</path>
	<source>
		<database>Unknown</database>
	</source>
	<size>
		<width>720</width>
		<height>960</height>
		<depth>3</depth>
	</size>
	<segmented>0</segmented>
	<object>
		<name>queen</name>
		<pose>Unspecified</pose>
		<truncated>0</truncated>
		<difficult>0</difficult>
		<bndbox>
			<xmin>61</xmin>
			<ymin>140</ymin>
			<xmax>594</xmax>
			<ymax>857</ymax>
		</bndbox>
	</object>
</annotation>
