<annotation>
	<folder>new_train</folder>
	<filename>KakaoTalk_20190122_150357950.jpg</filename>
	<path>C:\tensorflow1\models\research\object_detection\images\new_train\KakaoTalk_20190122_150357950.jpg</path>
	<source>
		<database>Unknown</database>
	</source>
	<size>
		<width>720</width>
		<height>960</height>
		<depth>3</depth>
	</size>
	<segmented>0</segmented>
	<object>
		<name>queen</name>
		<pose>Unspecified</pose>
		<truncated>0</truncated>
		<difficult>0</difficult>
		<bndbox>
			<xmin>5</xmin>
			<ymin>92</ymin>
			<xmax>454</xmax>
			<ymax>524</ymax>
		</bndbox>
	</object>
	<object>
		<name>king</name>
		<pose>Unspecified</pose>
		<truncated>0</truncated>
		<difficult>0</difficult>
		<bndbox>
			<xmin>331</xmin>
			<ymin>140</ymin>
			<xmax>632</xmax>
			<ymax>551</ymax>
		</bndbox>
	</object>
	<object>
		<name>queen</name>
		<pose>Unspecified</pose>
		<truncated>1</truncated>
		<difficult>0</difficult>
		<bndbox>
			<xmin>618</xmin>
			<ymin>60</ymin>
			<xmax>720</xmax>
			<ymax>478</ymax>
		</bndbox>
	</object>
	<object>
		<name>king</name>
		<pose>Unspecified</pose>
		<truncated>0</truncated>
		<difficult>0</difficult>
		<bndbox>
			<xmin>252</xmin>
			<ymin>576</ymin>
			<xmax>698</xmax>
			<ymax>878</ymax>
		</bndbox>
	</object>
</annotation>
