<annotation>
	<folder>train</folder>
	<filename>KakaoTalk_20190108_170529707.jpg</filename>
	<path>C:\tensorflow1\models\research\object_detection\images\train\KakaoTalk_20190108_170529707.jpg</path>
	<source>
		<database>Unknown</database>
	</source>
	<size>
		<width>960</width>
		<height>720</height>
		<depth>3</depth>
	</size>
	<segmented>0</segmented>
	<object>
		<name>jack</name>
		<pose>Unspecified</pose>
		<truncated>0</truncated>
		<difficult>0</difficult>
		<bndbox>
			<xmin>514</xmin>
			<ymin>2</ymin>
			<xmax>763</xmax>
			<ymax>130</ymax>
		</bndbox>
	</object>
	<object>
		<name>nine</name>
		<pose>Unspecified</pose>
		<truncated>0</truncated>
		<difficult>0</difficult>
		<bndbox>
			<xmin>360</xmin>
			<ymin>145</ymin>
			<xmax>578</xmax>
			<ymax>437</ymax>
		</bndbox>
	</object>
	<object>
		<name>ace</name>
		<pose>Unspecified</pose>
		<truncated>0</truncated>
		<difficult>0</difficult>
		<bndbox>
			<xmin>58</xmin>
			<ymin>489</ymin>
			<xmax>382</xmax>
			<ymax>707</ymax>
		</bndbox>
	</object>
</annotation>
