<annotation>
	<folder>train</folder>
	<filename>KakaoTalk_20190108_170528019.jpg</filename>
	<path>C:\tensorflow1\models\research\object_detection\images\train\KakaoTalk_20190108_170528019.jpg</path>
	<source>
		<database>Unknown</database>
	</source>
	<size>
		<width>720</width>
		<height>960</height>
		<depth>3</depth>
	</size>
	<segmented>0</segmented>
	<object>
		<name>jack</name>
		<pose>Unspecified</pose>
		<truncated>1</truncated>
		<difficult>0</difficult>
		<bndbox>
			<xmin>477</xmin>
			<ymin>865</ymin>
			<xmax>720</xmax>
			<ymax>957</ymax>
		</bndbox>
	</object>
</annotation>
