<annotation>
	<folder>new_train</folder>
	<filename>KakaoTalk_20190122_150358163.jpg</filename>
	<path>C:\tensorflow1\models\research\object_detection\images\new_train\KakaoTalk_20190122_150358163.jpg</path>
	<source>
		<database>Unknown</database>
	</source>
	<size>
		<width>720</width>
		<height>960</height>
		<depth>3</depth>
	</size>
	<segmented>0</segmented>
	<object>
		<name>jack</name>
		<pose>Unspecified</pose>
		<truncated>0</truncated>
		<difficult>0</difficult>
		<bndbox>
			<xmin>12</xmin>
			<ymin>198</ymin>
			<xmax>433</xmax>
			<ymax>688</ymax>
		</bndbox>
	</object>
	<object>
		<name>king</name>
		<pose>Unspecified</pose>
		<truncated>0</truncated>
		<difficult>0</difficult>
		<bndbox>
			<xmin>384</xmin>
			<ymin>170</ymin>
			<xmax>711</xmax>
			<ymax>636</ymax>
		</bndbox>
	</object>
	<object>
		<name>queen</name>
		<pose>Unspecified</pose>
		<truncated>1</truncated>
		<difficult>0</difficult>
		<bndbox>
			<xmin>279</xmin>
			<ymin>725</ymin>
			<xmax>706</xmax>
			<ymax>960</ymax>
		</bndbox>
	</object>
	<object>
		<name>king</name>
		<pose>Unspecified</pose>
		<truncated>1</truncated>
		<difficult>0</difficult>
		<bndbox>
			<xmin>583</xmin>
			<ymin>779</ymin>
			<xmax>719</xmax>
			<ymax>960</ymax>
		</bndbox>
	</object>
</annotation>
