<annotation>
	<folder>train</folder>
	<filename>KakaoTalk_20190108_170530398.jpg</filename>
	<path>C:\tensorflow1\models\research\object_detection\images\train\KakaoTalk_20190108_170530398.jpg</path>
	<source>
		<database>Unknown</database>
	</source>
	<size>
		<width>960</width>
		<height>720</height>
		<depth>3</depth>
	</size>
	<segmented>0</segmented>
	<object>
		<name>king</name>
		<pose>Unspecified</pose>
		<truncated>0</truncated>
		<difficult>0</difficult>
		<bndbox>
			<xmin>71</xmin>
			<ymin>69</ymin>
			<xmax>253</xmax>
			<ymax>327</ymax>
		</bndbox>
	</object>
	<object>
		<name>ten</name>
		<pose>Unspecified</pose>
		<truncated>0</truncated>
		<difficult>0</difficult>
		<bndbox>
			<xmin>311</xmin>
			<ymin>118</ymin>
			<xmax>567</xmax>
			<ymax>397</ymax>
		</bndbox>
	</object>
	<object>
		<name>queen</name>
		<pose>Unspecified</pose>
		<truncated>0</truncated>
		<difficult>0</difficult>
		<bndbox>
			<xmin>194</xmin>
			<ymin>393</ymin>
			<xmax>472</xmax>
			<ymax>628</ymax>
		</bndbox>
	</object>
	<object>
		<name>ace</name>
		<pose>Unspecified</pose>
		<truncated>1</truncated>
		<difficult>0</difficult>
		<bndbox>
			<xmin>1</xmin>
			<ymin>361</ymin>
			<xmax>152</xmax>
			<ymax>581</ymax>
		</bndbox>
	</object>
	<object>
		<name>jack</name>
		<pose>Unspecified</pose>
		<truncated>1</truncated>
		<difficult>0</difficult>
		<bndbox>
			<xmin>379</xmin>
			<ymin>632</ymin>
			<xmax>575</xmax>
			<ymax>720</ymax>
		</bndbox>
	</object>
</annotation>
