<annotation>
	<folder>train</folder>
	<filename>KakaoTalk_20190108_170530891.jpg</filename>
	<path>C:\tensorflow1\models\research\object_detection\images\train\KakaoTalk_20190108_170530891.jpg</path>
	<source>
		<database>Unknown</database>
	</source>
	<size>
		<width>960</width>
		<height>720</height>
		<depth>3</depth>
	</size>
	<segmented>0</segmented>
	<object>
		<name>king</name>
		<pose>Unspecified</pose>
		<truncated>1</truncated>
		<difficult>0</difficult>
		<bndbox>
			<xmin>875</xmin>
			<ymin>206</ymin>
			<xmax>960</xmax>
			<ymax>433</ymax>
		</bndbox>
	</object>
</annotation>
