<annotation>
	<folder>new_train</folder>
	<filename>KakaoTalk_20190122_150358404.jpg</filename>
	<path>C:\tensorflow1\models\research\object_detection\images\new_train\KakaoTalk_20190122_150358404.jpg</path>
	<source>
		<database>Unknown</database>
	</source>
	<size>
		<width>720</width>
		<height>960</height>
		<depth>3</depth>
	</size>
	<segmented>0</segmented>
	<object>
		<name>queen</name>
		<pose>Unspecified</pose>
		<truncated>0</truncated>
		<difficult>0</difficult>
		<bndbox>
			<xmin>44</xmin>
			<ymin>165</ymin>
			<xmax>500</xmax>
			<ymax>564</ymax>
		</bndbox>
	</object>
	<object>
		<name>jack</name>
		<pose>Unspecified</pose>
		<truncated>0</truncated>
		<difficult>0</difficult>
		<bndbox>
			<xmin>122</xmin>
			<ymin>514</ymin>
			<xmax>575</xmax>
			<ymax>824</ymax>
		</bndbox>
	</object>
	<object>
		<name>king</name>
		<pose>Unspecified</pose>
		<truncated>0</truncated>
		<difficult>0</difficult>
		<bndbox>
			<xmin>335</xmin>
			<ymin>190</ymin>
			<xmax>649</xmax>
			<ymax>608</ymax>
		</bndbox>
	</object>
</annotation>
